{"frames":[{"filename":"door01","frame":{"x":0,"y":0,"w":64,"h":128},"rotated":false,"trimmed":false,"spriteSourceSize":{"x":0,"y":0,"w":64,"h":128},"sourceSize":{"w":64,"h":128}},{"filename":"door02","frame":{"x":65,"y":0,"w":64,"h":128},"rotated":false,"trimmed":false,"spriteSourceSize":{"x":0,"y":0,"w":64,"h":128},"sourceSize":{"w":64,"h":128}},{"filename":"door03","frame":{"x":130,"y":0,"w":64,"h":128},"rotated":false,"trimmed":false,"spriteSourceSize":{"x":0,"y":0,"w":64,"h":128},"sourceSize":{"w":64,"h":128}},{"filename":"door04","frame":{"x":0,"y":129,"w":64,"h":128},"rotated":false,"trimmed":false,"spriteSourceSize":{"x":0,"y":0,"w":64,"h":128},"sourceSize":{"w":64,"h":128}},{"filename":"door05","frame":{"x":65,"y":129,"w":64,"h":128},"rotated":false,"trimmed":false,"spriteSourceSize":{"x":0,"y":0,"w":64,"h":128},"sourceSize":{"w":64,"h":128}},{"filename":"door06","frame":{"x":130,"y":129,"w":64,"h":128},"rotated":false,"trimmed":false,"spriteSourceSize":{"x":0,"y":0,"w":64,"h":128},"sourceSize":{"w":64,"h":128}}],"meta":{"app":"https://www.leshylabs.com/apps/sstool/","version":"Leshy SpriteSheet Tool v0.8.4","image":"door.png","size":{"w":194,"h":257},"scale":1}}